"name","country","halls","booths","address","telephone","mobile","email","website"
"2wegames","Korea, Republic of","04.1","D024b","105,Jungdong-ro248beon-gil,Wonmi-gu,Bucheon-si,Gyeonggi14548BucheonKorea,Republicof","+821077295547","+821077295547","ceo@2wegames.com",""
"12 Hit Combo! S.A.S.","Colombia","03.2","A009a","Carrera658-43of20311001000Colombia","+5703166266752","","david@12hitcombo.com","www.12hitcombo.com"
"3drudder","France","03.2","C017h","rueDespieds1013003MarseilleFrance","+33777954931","","",
"SwissGames Swiss Arts Council Pro Helvetia","Switzerland","04.1","D022 E021","Hirschgraben228024ZürichSwitzerland","+41442677128","","mvust@prohelvetia.ch","www.prohelvetia.ch"
"4U2PLAY GmbH","Germany","05.2","C041","EssenerStr.4a22419HamburgGermany","+494088882663","+494049219203","info@4u2play.de","www.4u2play.de"
"37 Interactive Entertainment (Shanghai) Technology Co., Ltd.","China","02.1","A023b","37GamesBuildingNo.19BaiheRd.,TianheDistrict510610Guangzhou,GuangdongChina","+8618573135267","","laiyuchen@37.com","37.com"
"A.I. SAS DI M.MOSTARDINI","Italy","05.2","A043","ViaPiave2/D51031Agliana(PT)Italy","+39057333172","+390573307761","info@animeimport.it","www.animeimport.it"
"505 GAMES","France","03.2","C017b","ChemindelaChauderaie269340FranchevilleFrance","+33456384520","","glimouzi@505games.fr",""
"505 Games Ltd.","United Kingdom","03.2","C015aD014a","SilburyBoulevardSilburyCourt402-420MiltonKeynesMK92AFUnitedKingdom","+441908607772","+441908546470","bburridge@505games.com","www.505games.co.uk"
"2x2 Games (Dvaput DVA d.o.o.)","Croatia","04.1","E026a","UlicagradaVukovara237a10000ZagrebCroatia","+385098508438","","info@2x2.hr","www.2x2.hr"
"4-Real Intermedia GmbH","Germany","02.1","C024a","Ludwigstr.3263067OffenbachGermany","+49698090880","+496980908814","info@4-real.com","www.4-real.com"
"Acronis Germany GmbH","Germany","02.1","B012aA011a","LandsbergerStr.11080339MünchenGermany","+498961372840","+4989613728499","info@acronis.de","www.acronis.de"
"ADIA Entertainment Ltd.","China","","","1HuaShenAvenueDexunTechnologyBuilding4thFloor210012Nanjing,JiangsuChina","+862586330856","","matt_dai@adiadigital.com","www.adiaentertainment.com"
"Abysse Corp","France","02.1 / 05.2","A034 / A042","133AvenuedeCaen76530GrandCouronneFrance","+33235981863","+33235981927","carpentier@abyssecorp.com",""
"Activision Blizzard Deutschland GmbH","Germany","04.1 / 10.2","A020 / A052","Fraunhoferstr.785737IsmaningGermany","+49899998170","+4989999817299","oliver.graubner@activision.com","www.activision.com"
"osome studio","France","03.2","D017h","ruedesErables25569009LyonFrance","+33623032083","","mathieu.fremont@osome-studio.com",""
"admitad GmbH","Germany","02.1","D007","Wollhausstr.95/474074HeilbronnGermany","+4971311242729","+4971314054600","a.matveev@admitad.com","www.admitad.com"
"Amber Studio SRL","Romania","10.1","C030","Copilului22012178BucurestiRomania","+40729168845","","contact@amberstudio.com","www.amberstudio.com"
"AOC International (Europe) B.V","Netherlands","05.1","B060","PrinsBernhardplein2006thfloor1097JBAMSTERDAMNetherlands","+31205040010","+31206423070","seden.ayyildiz@tpv-tech.com","http://aoc-europe.com"
"CARBON STUDIO SP. Z O.O.","Poland","04.1","B026a","Brzozowa41-506ChorzówPoland","+48515066315","","aleksandercaban@carbonstudio.pl","www.carbonstudio.pl"
"Angry Mob Games","Romania","10.1","C030","Meteor41Bap4Cluj-NapocaRomania","","","contact@angrymobgames.com","www.angrymobgames.com"
"Application Systems Heidelberg Software GmbH","Germany","03.2","C010aB011a","PleikartsförsterHof4/169124HeidelbergP.O.Box10264669016HeidelbergGermany","+496221302210","+496221300389","ash@application-systems.de","www.application-systems.de"
"Awesome Games Studio Sp. z o.o. (status - Limited Liability Company)","Poland","04.1","B026a","ul.GabríeliZapolskiej38/41630-126KrakówPoland","+48500263601","","contact@awesomegamesstudio.com","www.awesomegamesstudio.com"
"Astro Gaming","United States of America","02.1","A020","6554thStreetSanFrancisco,CA94107UnitedStatesofAmerica","+14154264021","","walter@astrogaming.com",""
"Bundesagentur für Arbeit Zentrale Auslands- und Fachvermittl (ZAV)","Germany","10.2","D030","VillemomblerStr.7653123BonnGermany","+49305555996820","+49305555996820","joerg.bruekner@arbeitsagentur.de","www.zav.de"
"Arcane Circus","Netherlands","03.2","D018a","GeneraaldelaReijlaan371404BPBUSSUMNetherlands","+31681181724","","molly@arcanecircus.com",""
"Autodesk GmbH","Germany","03.2","C015aD014a","Aidenbachstr.5681379MünchenGermany","+4989547690","+498954769423","martina.demeo.dautert@autodesk.com","www.autodesk.de"
"Ar-Fer arte ferro s.r.l.","Italy","02.1","C031","ViaDell`Artigianato931040CusignanadiGiaveraDelMonte(TV)Italy","+390422870370","+390422870333","marco@borangame.com","www.borangame.com"
"BBT Clothing Limited","United Kingdom","05.2","E074","57St.AlbansRoadDarwenBB20HSUnitedKingdom","+447810826704","","sales@beltsbucklestees.com","www.bletsbucklestees.com"
"BLC Games Co., Ltd.","Korea, Republic of","04.1","D024a","A601,Innovalley,253,Pangyo-ro,Bundang-gu,Gyeonggi-do13486Seongnam-siKorea,Republicof","+827087248211","+82264991182","strictjj@blcgames.com","www.blcgames.com"
"Bind","Finland","03.2","A020a","Kehräämöntie7C87100KajaaniFinland","+358407400360","","janne@wearebind.com",""
"BoaCompra UOL","Brazil","02.1","A024","AvenidaBrigadeiroFanaLima138401451-001SaoPauloBrazil","+551130345765","","egoodno@uolinc.com","www.go4gold.com.br"
"Charlie Oscar Lima Tango Interactive Entertainment UAB","Lithuania","02.1","C034","Vilnius2501402VilniusLithuania","+37062214096","+37061618271","sk@charlieoscar.net","www.charlieoscar.biz"
"Boss Key - Nexon","United States of America","09.1","A050","222N.SepulvedaBlvd.Suite200/300ElSegundo,CA90245UnitedStatesofAmerica","+12138585840","+12138585830","www.lawbreakers.com",
"Caseking GmbH","Germany","08.1","B051","Gaußstr.110589BerlinGermany","+4930526847300","+4930526847304","info@caseking.de","www.caseking.de"
"Carmen Imports Ltd.","United Kingdom","05.2 / 05.2","A054 B061 / E043","LondonRoad741Unit1SouthEndonSeaSS09STUnitedKingdom","+447958406950","","russ@rbreplicas.com","www.rbreplicas.com"
"Carbon Incubator SRL","Romania","10.1","B031","Copiluluino.22012178BucharestRomania","","","catalin@carbon-incubator.com","www.carbon-incubator.com"
"caketherapy co., ltd","Korea, Republic of","03.2","B021aD022a","AR208,35BAEKBEOM-RO,MAPO-GU121-742SeoulKorea,Republicof","+82234442764","+8225152764","urin01@naver.com","www.caketherapy.co.kr"
"Bundeswehr (Bundesamt für das Personalmanagement der Bundeswehr)","Germany","10.1","E041 F041","KölnerStr.26251149KölnGermany","+4922031052683","+4922031052699","messen@bundeswehr.org","www.bundeswehr-karriere.de"
"Bundesprüfstelle für jugendgefährdende Medien (BPjM)","Germany","10.2","E024","Rochusstr.8-1053123BonnGermany","+492289621030","+49228379014","info@bpjm.bund.de","www.bundespruefstelle.de"
"Captiva GmbH","Germany","10.1","D040","Siemensstr.985221DachauGermany","+49813156950","+4981315695500","info@captiva-power.com","www.captiva-power.de"
"CCP hf","Iceland","02.1","B012aA011a","Grandagarður8I101ReykjavikIceland","+3545409100","+3545409198","info@ccpgames.com","www.ccpgames.com"
"Business France","France","03.2 / 03.2 / 03.2","C017 / D016 / D017","2placeLaurentd'Arvieux13572MarseilleCedex02France","+33140733567","","marie-francoise.nolet@businessfrance.fr","www.businessfrance.fr"
"Brainz","Colombia","03.2","A009a","Cra1378-4711001000BogotáColombia","+5703024411421","","a@brainz.co","brainz.co"
"Cartoon Passion LLC","United States of America","05.2","C044","2872AWalnutAv.Tustin,CA92780UnitedStatesofAmerica","+19492317020","+17142588286","jimmycpassion@aol.com","www.cartoonpassion.wix.com/main"
"Business France Agence Francaise pour Le Developpement International","France","03.2","D017e","77,BoulevardSaint-Jacques75998ParisFrance","+33140733000","+4921130041177","dusseldorf@businessfrance.fr","www.businessfrance.fr"
"Chasing Carrots KG","Germany","10.1","B050","Hornbergstr.9470188StuttgartGermany","+4971164519352","+4971164519359","info@chasing-carrots.com","www.chasing-carrots.com"
"CLO Virtual Fashion Inc.","Korea, Republic of","04.1","B028","Dosan-Daero8--Gil17-406039Gangnam-GuKorea,Republicof","+82264051283","+82264051284","adrian@clo.co.kr","www.marvelousdesigner.com"
"Computec Media GmbH","Germany","02.2 / 08.1","D034 / C028","Dr.-Mack-Str.8390762FürthGermany","+499112872100","+499112872200","info@computec.de","www.computec.de"
"Cool 2U","Netherlands","05.2 / 05.2","B030 / B073","DeImmenhorst57041KE'S-HEERENBERGNetherlands","+31628265655","","mathijs@timecity.eu","www.cool2u.eu"
"Codalyn","Netherlands","03.2","D018a","Kruidenstraat2396515HRNIJMEGENNetherlands","+31626022489","","hello@codalyn.com","www.codalyn.com"
"Consulate of Canada (Munich)","Germany","03.2","B018a","Tal2980331MünchenGermany","+498921995718","+498921995757","remi-jacques.nadeau@international.gc.ca",""
"Close Up GmbH","Germany","05.2 / 05.2","B046 / B046a","Schönbergstr.3973760OstfildernGermany","+497114504533","+497114504552","andi@closeup.de","www.closeup.de"
"VUiDEA,INC","Korea, Republic of","03.2","B021aD022a","405ho,MapoBusinessCenterMapoGu121-270SeoulKorea,Republicof","+82220388377","+82220388378","hdkim8043@naver.com","www.vuidea.com"
"Colombia Games","Colombia","03.2","A009a","Calle10454-1711001000BogotáColombia","+5703123060675","","jnates@colombiagames.com","www.colombiagames.com"
"Comicbookstore Comic-Kombinat","Germany","05.2","C040","Otto-von-Guericke-Str.739104MagdeburgGermany","+4939159779123","","comic.kombinat@googlemail.com","www.comic-kombinat.com"
"ComonGames","Russia","10.1","D011","Varshavskoeshosse65building2,officeV,room1115230MoscowRussia","+709104845021","","inbox@comongames.com","comongames.com"
"Clockstone Softwareentwicklung GmbH","Austria","03.2","A010a","Claudiastr.146020InnsbruckAustria","+43512890377","+4351289037715","office@clockstone.com","www.clockstone.com"
"Comic Planet GmbH & Co. KG","Germany","05.2","A050 B051","Hauptstr.5049205HasbergenGermany","+4954056169759","+4954056169758","comic-planet@web.de","www.comic-planet.de"
"Click Entertainment Ltd","United Kingdom","02.1","B020","Unit36,88-90HattonGardenLondonEC1N8PGUnitedKingdom","+442031373781","+442031373782","info@click-entertainment.com","www.click-entertainment.com"
"Cosmocover SARL","France","02.2 / 04.1","D024 / C032","RueLéonGambetta40659000LilleFrance","+33184200104","","pierre-louis@cosmoscover.com","www.cosmocover.com"
"Chengdu Westhouse Shiyou Technology Co.Ltd.","China","03.2","C024aB023a","HaidianDistrictNo.2BuildingZhongHangSquareNo.43WestSection,NorthThirdRingRoad100046BeijingChina","+861056890666","+861082325655","chenwei@kingsoft.com","www.xoyo.com"
"Clan of the Cloud","France","03.2","D017d","AncienChemindeVaquieres3634270ValfounesFrance","+33467121402","","wandrille@clanofthecloud.com",""
"CLD Distribution","Belgium","02.1","B031","RueduGrandChamps155380FernelmontBelgium","+3281830202","+3281830209","infos@cld.be","www.cld.be"
"Cowana GmbH","Germany","02.2","B022aC023a","Königswarterstr.54a90762FürthGermany","+4991137689423","","micha@cowana.de","www.cowana.de"
"D A E Games Co., Ltd.","Korea, Republic of","03.2","B021aD022a","28,Saimdang-ro,Seocho-gu6651SeoulKorea,Republicof","+8225228074","+8225228073","ceo@daegames.com",""
"CREMAGAMES SL","Spain","03.2","B020a","CalleMontearagon928033MadridSpain","+349653757282","","info@cremagames.com",""
"Datascope Recruitment Limited","United Kingdom","03.2","C015aD014a","MorleyHouse,314-322RegentStreetLondonW1B3BEUnitedKingdom","+442075806018","+442075801646","recruitment@datascope.co.uk","www.datascope.co.uk"
"Deckbound LLC","United States of America","10.1","B033","120WallSt.NewYork10005UnitedStatesofAmerica","+447971979127","","alice@deckbound.com","www.deckbound.com"
"Dimensione Anime","Italy","05.2 / 05.2","B072 / E054","ViaLaghetto3428887Omegna(VB)Italy","+3903932654148","","dimensioneanime@yahoo.it","www.dimensioneanime.com"
"Entaro3","Korea, Republic of","03.2","B021aD022a","C-3FEntaro3,C3-7,25Pangyo-ro256beon-gil,Bundang-gu13487Seongnam-siKorea,Republicof","+821073371391","+823180164209","sky@entaro3.com",""
"devtodev","Lithuania","10.1","B022h","Jogailosg.401116VilniusLithuania","+37062295098","","info@devtodev.com","www.devtodev.com"
"DSM Nutritional Products Ltd.","Switzerland","05.1","C042","Wurmisweg5764303KaiseraugstP.O.Box26764002KaiseraugstSwitzerland","+41618158888","","swen.wolfram@dsm.com","www.dsm.com"
"Dutch Games Association","Netherlands","03.2 / 03.2","C019 / D018","Jaarbeursplein63521ALUTRECHTNetherlands","+31612944960","","contact@dutchgamesassociation.nl","www.dutchgamesassociation.nl"
"Deep Silver a division of Koch Media GmbH","Germany","04.2 / 04.2 / 09.1 / 09.1","A040 B041 / A051 / B011 C010 / B021 C020","LochhamerStr.982152PlaneggGermany","+4989242450","+498924245100","info@deepsilver.com","www.deepsilver.com"
"dieflockerei.de Textildruck GmbH","Germany","05.1","D101","AmKönigsweg2148599GronauGermany","+4925654014144","+4925654014146","info@dieflockerei.de","www.shirttube.de"
"deltaDNA Ltd","United Kingdom","03.2","C015aD014a","GreensidePlace25EdinburghEH13AAUnitedKingdom","+441314663690","","lauren.cormack@deltadna.com","www.deltadna.com"
"Digital Tales S.r.l.","Italy","03.2","A025a","ViaCopernico,3820125MilanoItaly","+390245478557","","info@dtales.it","www.dtales.it"
"DXRacer Marketing Europe AB","Sweden","02.1 / 10.1","D052 / A040","Johanneslundsvagen319461UpplandsVasbySweden","+46702445689","","carl@dxracer-europe.com","www.dxracer.com"
"Electronic Arts GmbH","Germany","04.1 / 06.1 / 06.1 / 06.1 / 06.1 / 06.1 / 06.1 / 06.1 / 06.1 / 06.1 / 06.1 / 06.1 / 06.1 / 06.1 / 10.2","A010 / C060 / C060a / C060b / C060c / C060d / C060f / C060g / C060h / C060i / C060j / C060k / C060l / C060m / B053","ImZollhafen15-1750678KölnGermany","+49221975820","+49221975822644","kontakt@ea.com","www.ea.de"
"ELEX TECHNOLOGY, CO., LTD.","China","03.2","C024aB023a","HAIDIANDISTRICTFL5,BLOCKC,TRUTHPLAZA,NO.7ZHICHUNROAD,BeijingChina","+861082263027","+861082263027","zhoukun@elex-tech.com","www.elex-tech.com"
"Entermate Co., Ltd.","Korea, Republic of","04.1","E025c","SeongwonBldg,2634-27,Nambusunhwanro,Seocho-gu137-886SeoulKorea,Republicof","+82234612150","+82234612160","sunnypark@entermate.com","www.entermate.com"
"Enarxis Dynamic Media Ltd.","Greece","02.1","A010a","IliaIliouStreet6811744NeosKosmos,AthensGreece","+302109011900","+302109028700","nikos@enarxis.com.gr","www.enarxis.eu"
"Fantasy Arsenal Simon Spiele GmbH","Germany","05.2","C074","Fährstr.154492LösnichGermany","+496532954188","","info@fantasy-arsenal.de","www.fantasy-arsenal.de"
"Flazm Interactive Entertainment UAB","Lithuania","02.1","C034","Vilniausg.2501402VilniusLithuania","+37064474460","","alexey@flazm.com","flazm.com"
"Fokus Bilgisayar San.Tic.Ltd. Sti.","Turkey","10.1","A034","OsmanagaMah.NüzhetEfendiSok.KadikoyIstanbulTurkey","+902164494930","+902164494936","elif@net-for.com","www.monsternotebook.com.tr"
"Figuravilag Kft.","Hungary","05.2","A051","JeszenakJ.u.1411141BudapestHungary","+36309487884","","andras.muller@holdfenyteam.hu","www.holdfenyteam.hu"
"Verein FH Technikum WIEN","Austria","03.2","A010a","Höchstädtplatz81200WienAustria","+4313334077562","+4313334077567","marianne.peitl@technikum-wien.at","www.technikum-wien.at"
"Foli Fashions Ltd.","United Kingdom","05.2","A013","ForsythHouse,FramptonPark25LondonE97PBUnitedKingdom","+447886469492","","folifashions@gmail.com","www.folifashions.com"
"Funigloo Co. Ltd.","Korea, Republic of","03.2","B021aD022a","1302,JnKDigitalTower,111Digitalro-26-gil,Guro-dong,Guro-gu08390SeoulKorea,Republicof","+82221086241","+82261246239","robot@gameara.com","www.funigloo.com"
"GAIJIN NETWORK Ltd.","Cyprus","02.1 / 06.1","D018 C017 / B030","KyriakouMatsi,10LilianaBuildingOffice203PC1082NicosiaCyprus","+704994260260","","press@gaijinent.com","www.gaijinent.com"
"Frozen Vision","Finland","03.2","A020a","Torikatu1990100OuluFinland","+358445342356","","asmo@frozenvision.com","frozenvision.net"
"Figure Ho!","France","05.2","C051","CheminDuThil731450CorronsacFrance","+33954354404","","info@figureho.com","www.figureho.com"
"flashpoint AG","Germany","04.2 / 05.2 / 05.2","C020 / C041 / C041a","Tarpen4022419HamburgGermany","+494071006142","+494071006111","michael.hermanns@flashpoint.de","www.flashpoint.de"
"Figuya GmbH","Germany","05.2","A040","PlauenerStr.163-16513053BerlinGermany","+4930577011989","+4930577011987","jessica@figuya.de","www.figuya.com"
"Gamecity Hamburg c/o HWF","Germany","03.2 / 03.2","B012 A013 / B014 A015","Wexstr.720355HamburgGermany","+494022701914","","stefan.klein@hwf-hamburg.de","www.gamecity-hamburg.de"
"Games London","United Kingdom","","","TheArtsBuilding,MorrisPlaceLondonN43JGUnitedKingdom","+442076137676","","michael.french@games.london","www.games.london"
"Gaya Entertainment GmbH","Germany","04.2","C050","HausingerStr.840764LangenfeldGermany","+492173204210","+4921732042125","mathias.schultze@gaya-entertainment.de","www.gaya-entertainment.com"
"gamespipe GmbH","Germany","03.2","A015aB014a","Böckmannstr.1520099HamburgGermany","+494018056117","","partner@gamespipe.com","www.gamespipe.com"
"Geekinvader","Germany","05.2","C050","Wernher-von-Braun-Str.5-769214EppelheimGermany","+496221339370","+4962213393754","enzo@geekinvader.com","www.geekinvader.com"
"GentleMon Co., Ltd.","Korea, Republic of","03.2","B021aD022a","629Sampyeong-dong,Bundang-guSeongnam-si,Gyeonggi-do13487SeongnamKorea,Republicof","+827079133630","","gentlemon@gmon.nworks.me",""
"Gwangju Smart Contents Developer Cooperative","Korea, Republic of","03.2","B021aD022a","1303,13FMudeungBldg.Geumnamno2-ga,Dong-gu501-711Gwang-juKorea,Republicof","+827088316924","+82622321221","hero@wisevill.com","www.gj-smart.com"
"Hanakai Studio","France","03.2","C017f","RueSoleillet1875020ParisFrance","+33966810677","","aprigent@hanakai-studio.com","www.hanakai-studio.com"
"GIANTS Software GmbH","Switzerland","02.1","A033","Rütistrasse188952Zürich-SchlierenSwitzerland","+41445082176","+41434950710","mail_us@giants-software.com","www.giants-software.com"
"Grey Box c/o Six Foot LLC.","United States of America","02.2 / 08.1 / 08.1","D022 / B031 / C031","2415W.Alabama,Suite208Houston,TX77098UnitedStatesofAmerica","+17135224638","","gregr@6ft.com","www.6ft.com"
"Green Man Gaming Ltd.","United Kingdom","10.1","D010","4thFloor,HamiltonHouseMabledonPlaceLondonWC1H9BBUnitedKingdom","+442071352270","","david.clark@greenmangaming.com","www.greenmangaming.com"
"Happy Hobgoblin","Finland","03.2","A020a","Torikatu2190100OuluFinland","+358405433197","","marc@happyhobgoblin.com","www.happyhobgoblin.com"
"ICE-PICK LODGE","Russia","02.1","C034","3-yaRoschinskayaul,d.5115191MOSCOWRussia","+704959525999","","kaylee@ice-pick.com","www.ice-pick.com"
"ICE - Agenzia per la promozione all'estero e l'internazionalizzazio delle imprese italiane","Italy","03.2","A025","ViaLiszt2100144RomaItaly","+390659929594","+3906089280354","audiovisivo@ice.it","www.ice.gov.it"
"HappyRabbitShow","Korea, Republic of","03.2","B021aD022a","102-507,(SungwonApt.,)7Dongmak-ro28-gil,Mapo-guSeoulKorea,Republicof","+821088394704","","HappyRabbitShow@gmail.com","HappyRabbitShow.com"
"ICO Partners Limited","United Kingdom","03.2","C015aD014a","Office6/10FleetStreetBrightonBN14ZEUnitedKingdom","+442081338806","","gamescom@icopartners.com","www.icopartners.com"
"Heartbit Interactive S.R.L.","Italy","10.1","D013","PiazzaReAmato2129010PontenureItaly","+3903382139143","","francesco.ficarelli@heartbit-interactive.com","www.heartbit-interactive.com"
"HeartQuake Sagl","Switzerland","04.1","E021aD022a","ViaRivascia116518GorsunoSwitzerland","+411794114796","","enrico@heartquakestudios","heartquakestudios.com"
"Icaros GmbH","Germany","10.1","A030","Schellingstr.4580799MünchenGermany","+4989189081429","","johannes.scholl@icaros.com","www.icaros.com"
"Headup Games","Germany","02.1","C024a","Nordstr.10252353DürenGermany","+4924214868700","+4924214868709","info@headupgames.com","www.headupgames.com"
"Howest University College/ Digital Arts and Entertainment","Belgium","10.2","F023","Botenkopersstraat28500KortrijkBelgium","+3256234362","+3256241224","isabelle.tassaert@howest.be","www.digitalartsandertainment.com"
"IDC Games SL","Spain","03.2","B020a","Pasamar1-328231LasRozasdeMadridSpain","+34902354525","+34902354525","info@idcgames.com","www.idcgames.com"
"iFun4all SA (inc.)","Poland","04.1","B026a","Cystersow931-553KrakówPoland","+48123538555","+48123415842","mmielcarek@iFun4all.com","www.iFun4all.com"
"Intel Deutschland GmbH","Germany","09.1","B -05","DornacherStr.185622FeldkirchenGermany","+4989991430","+498999143429","news.de@intel.com","www.intel.com"
"Jutsu Games","Poland","04.1","B026a","Sikorskiego5a26-612RadomPoland","+48502344222","","bartek@jutsugames.com","www.jutsugames.com"
"Joensuu Game co-op","Finland","03.2","A020a","Länsikatu1580110JoensuuuFinland","+358505978148","","mika.vesitie@joensuugames.fi","www.joensuugames.fi/osk/"
"Iran National Foundation of Computer Games","Iran","03.2","A016","WestGolzarAlley,NorthMofatteno32,cornerofZirakZadehAlley,Hafte-e-TirSquare1575745311TehranIran","+982188310222344","+982188310222340","info@irvgame.com","www.irvgame.com"
"K3 Kultur- und Kreativwirtschaftsbüro Stadt Karlsruhe","Germany","03.2","C010aB011a","AlterSchlachthof1576131KarlsruheGermany","+4972182100661","","k3@kultur.karlsruhe.de","www.k3-karlsruhe.de"
"K-Numbers","Korea, Republic of","03.2","B021aD022a","HoseoUniv.VentureComplex202Hoseo-ro79gil20.336-795Asan-si,Chung-namKorea,Republicof","+82312030843","","blcknum@gmail.com","www.k-num.com"
"Ironsource Ltd.","Israel","02.1","D017","Lilienblum286513307TelAvivIsrael","+972547071291","+972775448273","corinne.giladi@ironsrc.com","www.ironsrc.com"
"Intersave Co. Ltd.","Korea, Republic of","03.2","B021aD022a","23F,KDBBldg.,268Cheonbyeonjwa-ro,Seo-gu61925GwangjuKorea,Republicof","+82627187501","+82627187515","help@i-save.co.kr","www.i-save.co.kr"
"Kanazu","Colombia","03.2","A009a","Calle196-68,oficina130211001000BogotáColombia","+57016066934","","julioaguilera@kanazu.org","www.kanazu.org"
"Iron Ward j.d.o.o.","Croatia","04.1","E026a","MilanaReizera1610430SamoborCroatia","+38505917364298","","info@theredsolstice.com","www.ironward.com"
"Jöllenbeck GmbH","Germany","02.2","B023 A022","Kreuzberg227404HeeslingenGermany","+49428792440","+4942879244120","info@jb.eu","www.speedlink.de"
"iQU Online B.V.","Netherlands","03.2","D018a","Kenaupark32011MPHAARLEMNetherlands","+31232020433","","marketing@iqu.com","www.iqu.com"
"Kalypso Media Group GmbH","Germany","02.1 / 08.1","C011 D012 / C040","Wilhelm-Leuschner-Str.11-1367547WormsGermany","+4962415061900","+4962415061911","business@kalypsomedia.com","www.kalypsomedia.com"
"Jugendforum NRW Amt für Kinder, Jugend und Familie Stadt Köln","Germany","10.2","D020 E021","ImMediapark750670KölnGermany","+492215743277","","wolfgang.fehr@stadt-koeln.de","www.jugendforum-nrw.de"
"JJ World(Beijing) network technology Co,.LTD","China","03.2","C024aB023a","Shangdi,HaidianDistrictJJWorldPlaza,NO.17ChuangyeRoad,,BeijingChina","+861082342800","+861082342600","qukx@mail.jj.cn","www.jj.cn"
"Kaia Studios (Coop.)","Spain","03.2","B020a","C/MartianBarua13,bajoc48003BizkaiaSpain","+349658738679","","contact@kaiastudios.com","www.kaiastudios.com"
"Jujubee S.A.","Poland","02.1 / 10.1","D046 / A019","ul.Ceglana440-514KatowicePoland","+48322191085","+48322191085","m.stepien@jujubee.pl","www.jujubee.pl"
"Iron Gut Publishing Ltd.","United Kingdom","05.2","C054","Unit5StationYardTradingEstateStationRoadCreweCW48AAUnitedKingdom","","","sales@irongutpublishing.com","www.irongutpublishing.com"
"JetCat Games Interactive Entertainment, UAB","Lithuania","02.1","C034","Naugardukog.303231VilniusLithuania","+37065532919","","raman@jetcatgames.com","jetcatgames.com"
"Jagex LTD","United Kingdom","03.2","C015aD014a","220SciencePark,MiltonRoadCambridgeCB40WAUnitedKingdom","+448445886600","","neil.mcclarty@jagex.com","jagex.com"
"Kavio Cluster","Finland","03.2","A020a","Seminaarinkatu287100KajaaniFinland","+358445514614","","timo.ylikangas@kainuunetu.fi","www.kaviocluster.org/web/"
"CDP.PL Sp. z o. o.","Poland","04.1","B026a","Jagiellonska8800-992WarszawaPoland","+48224875548","+484875549","michal.gebmbicki@cdp.pl","www.cdp.pl"
"Korea Mobile Game Association","Korea, Republic of","04.1 / 04.1","D024 E023 / D026 E025","Daerung7th,Guro-dong91008377Guro-dong170-10Korea,Republicof","+827086806478","+827086806456","duswn0925@k-mga.or.kr","www.k-mga.or.kr"
"Kilgray Ltd.","Hungary","02.1","D026","Bekesugarut725700GyulaHungary","+3618088313","","sales@kilgray.com","www.memoq.com"
"KRSN Limited","United Kingdom","05.2","C073","57TheParadeWaterfordWD171LJUnitedKingdom","+447885421400","","info@comicparade.co.uk","www.comicparade.co.uk"
"Korea Pavillion","Korea, Republic of","03.2","D022 B021","ThefourthFloor,GlobalBusinessDepartment,35Gyoyukgil,58217Naju-si,Jeollanam-doKorea,Republicof","+828215661114","+8282619006015","jcw@kocca.or.kr","www.kocca.kr"
"KUUNG GAMES Corp.","Korea, Republic of","03.2","B021aD022a","7F,20,Teheran-ro20-gilGangnam-gu,Seoul,Korea06235SeoulKorea,Republicof","+825876889","+825876890","gashoo@kuunggames.com","www.kuunggames.com"
"Lenovo ltd","China","09.1","C053","No.6ShangDiChuangYeRoad100085BeijingChina","+861058868888","","spowers@lenovo.com","www.lenovo.com"
"LICHTHUND Sp. z o.o.","Poland","04.1","B026a","Plocka8/16201-231Poland","+48502710507","","bako@lichthund.com","www.lichtspeer.com"
"Localsoft S.L.","Spain","03.2","B020a","CalleElAzahars/n,EdificioJardinesTropicales29660NuevaAndalucia,MarbellaSpain","+34952028080","+34952020834","info@localsoft.net","www.localsoft.com"
"La Vignarella srl","Italy","05.2 / 05.2","A052 / C061","ViaAnnagnina36100118ROMAItaly","+3903487662978","","lavignarella@hotmail.it",""
"Leapfrog Digital Limited","United Kingdom","03.2","C015aD014a","31AmbroseLaneHarpendenAL54DGUnitedKingdom","+447739612500","","stephen@leapfrog.digital","www.leapfrog.digital"
"Latis Global Communications, Inc.","Korea, Republic of","03.2","B021aD022a","3F,82,Olympic-ro,Songpa-gu8205556SeoulKorea,Republicof","+827082708980","+82234313273","ray.kwoon@latisglobal.net","game.latisglobal.com"
"Latitude 22 LTD","United Kingdom","02.1","A027a","CyberHouse5F,Suite5FMollyMillarsLaneWokinghamRG412PXUnitedKingdom","+441189070130","+441189074102","adrian@latitude22.co.uk","www.latitude22.co.uk"
"Little Chicken Game Company B.V.","Netherlands","03.2","D018a","Weteringschans861017XSAMSTERDAMNetherlands","+31206202970","","info@littlechicken.nl","www.littlechicken.nl"
"LYS Limited","France","05.2","B071a","46,Rued'Avron94170LePerreux-sur-MarneFrance","+33182017125","","sangshujing@gmail.com",""
"Meta Games Bilgi Islemleri Limited","Cyprus","02.2","A010","SerbestLimanveBölgePostaKutusu545545FamagustaCyprus","","","cem@mtcgame.com","www.mtcgame.com"
"Marcin Makaj","Poland","04.1","B026a","ul.Partvzantów772-100GoleniowPoland","+48694426446","","marcin.makaj@gmail.com","www.themoonwalls.com"
"Madmind Studio S.A.","Poland","04.1","B026a","Ul.Grunwaldzka85-451BydgoszczPoland","+48793148865","","www.Madmind-studio.com",
"Mediencluster NRW GmbH","Germany","03.2","C014 B015","Kaistr.1440221DüsseldorfGermany","+49211930500","+49211930505","info@medien.nrw.de","www.medien.nrw.de"
"Masangsoft, Inc.","Korea, Republic of","03.2","B021aD022a","19F,30Centumseo-ro,Haeundae-gu612-020BusanKorea,Republicof","+827071262671","+827074270125","wchoi@masangsoft.com","www.masangsoft.com"
"Manlab Soft Co.,Ltd","Korea, Republic of","03.2","B021aD022a","6thfloorGwangjuCGICenter60Songam-ro(Songhadong373-3)Nam-gu503-820GwangjuKorea,Republicof","+8221046578","+8221046577","new-joy@nate.com",""
"Marketpoint GmbH","Germany","02.1","B012 A011","Humboldtstr.885609AschheimGermany","+4989416123980","+4989416123989","peter.bruecker@marketpoint.de","www.marketpoint.de"
"ManiaMind Co.,Ltd.","Korea, Republic of","03.2","B021aD022a","8thEnc-Dreamtower,Geumcheon-gu153-793SeoulKorea,Republicof","+82232811110","+8228389627","han@maniamind.com","www.maniamind.com"
"M.I.T. GmbH a Payxpert Company","Germany","03.2","A013aB012a","Holstenwall1020355HamburgGermany","+494030066890","+494030066899","info@mediainfotransfer.de","www.mediainfotransfer.de"
"MFG Innovationsagentur Medien- und Kreativwirtschaft","Germany","03.2","C010 B011","Breitscheidstr.470174StuttgartGermany","+4971190715300","+4971190715350","info@mfg.de","www.innovation.mfg.de"
"Micropsia Entretenimiento Interactivo Limitada","Chile","03.2","B007a","AmandaLabarca4772810087Macúl,SantiagoChile","+56966992992","","contact@micropsiagames.com","www.micropsiagames.com"
"Multiplay (UK) Limited","United Kingdom","","","Unit7Whitefield,LepeRoadSouthamptonSO451XRUnitedKingdom","+448458681337","+448458681037","enquiries@multiplay.com","www.multiplay.com"
"Modernist Games Limited","United Kingdom","","","71-75SheltonStreetWC2H9JQUnitedKingdom","+447905123909","","ollie@modern-dream.com","www.Modernist-Games.com"
"Monster Couch sp. z o.o.","Poland","04.1","B026a","Glogowska31/3360-702PoznanPoland","+48515764710","","krzysiek@monstercouch.com","monstercouch.com"
"MPLUS SOFT","Korea, Republic of","04.1","D026a","3,Guro-dong,Guro-gu152-050SeoulKorea,Republicof","+8269599399","+8269599398","mplus@mplussoft.net",""
"musterbrand GmbH & Co. KG","Germany","05.2","C042","Holstenwall720355HamburgGermany","+494073057973","","info@musterbrand.com","www.musterbrand.com"
"N-Dream AG / AirConsole","Switzerland","04.1","E021aD022a","Löwenstrasse658001ZürichSwitzerland","+41795356994","","rafael@n-dream.com","www.n-dream.com"
"WellDataSystem Co., Ltd.","Korea, Republic of","04.1","E023a","PDCB/DC-Dong301,Pangyoro242,Bundang-gu,Seongnam-si,Gyeonggi-do13487Seongnam-siKorea,Republicof","+827042667310","+823180600154","consulting@ncloud24.com","www.entscale.com"
"Nihon Manga UG","Germany","05.2","A041","Wolfstr.2253111BonnGermany","+4922892985217","","l.haarmeyer@nihon-manga.de","www.nihon-manga.de"
"NeocoreGames","Hungary","02.1","D009","1.VörösmartySquare,3rdfloor1051BudapestHungary","","","info@neocoregames.com","www.neocoregames.com"
"Nintendo of Europe GmbH","Germany","04.2 / 09.1 / 09.1","C021 B020 / A010 / A011 B010","Herriotstr.460528FrankfurtGermany","+496967808390","+496967808391","info@nintendo.de","www.nintendo.de"
"Omnyex E Commerce DMCC","United Arab Emirates","02.1","B026","Unit11H,SilverTower,ClusterI.JLT8293DubaiUnitedArabEmirates","+971042776297","+971042776298","info@omnyex.com","www.omnyex.com"
"NOX Games Inc.","Korea, Republic of","03.2","B021aD022a","414,146,Yangsan-roYeongdeungpo-gu7265SeoulKorea,Republicof","+827077064474","+8226763969","piuon@noxent.net","www.noxgame.kr"
"Orgosoft Co., Ltd.","Korea, Republic of","04.1","E023b","11-41,Simin-daero327beon-gil,Dongan-gu,Anyang-si,Gyeonggi-do,14055Anyang-siKorea,Republicof","+827048491084","+827082333988","info@orgosoft.com","www.orgosoft.com"
"OFFGAMERS SDN. BHD.","Malaysia","02.1","D036","2BJalanPasar,Pudu55100KualaLumpurMalaysia","+6092234673","","vijay.kumar@my.offgamers","http://corp.offgamers.com/2013/05/about-us/"
"Nordic Game Supply GmbH","Germany","02.1","B012aA011a","ItzehoerStr.31-3324594HohenwestedtGermany","","","sales@nordicgamesupply.com","www.nordicgamesupply.com"
"OPM Response Ltd","United Kingdom","03.2","C015aD014a","Unit5,TollgateBusinessParkColchesterCO38ABUnitedKingdom","+441206214421","+441206214429","officemanager@opmjobs.com","www.opmjobs.com"
"NVIDIA GmbH","Germany","02.2","B022aC023a","Adenauerstr.20A452146WürselenGermany","+4924054780","+492405478030","www.nvidia.de",
"OnlineFussballManager GmbH","Germany","02.2","B022aC023a","EupenerStr.6050933KölnGermany","","","maik.dokter@onlinefussballmanager-gmbh.de","www.onlinefussballmanager-gmbh.de"
"Oculus VR, Inc.","United States of America","02.2 / 09.1","B021 A020 / A041 B040","1HackerWayMenloPark,CA94025UnitedStatesofAmerica","+16506565829","","tres.morgan@oculus.com",""
"Novaquark","France","03.2","D017i","ruedeLourmel13075015PARISFrance","+33967480404","","adespres@novaquark.com",""
"nordmedia - Film- und Mediengesellschaft Niedersachsen/Bremen mbH","Germany","03.2","B009","ExpoPlaza130539HannoverGermany","+4951112345661","+4951112345669","j.asmus@nordmedia.de","www.nordmedia.de"
"Ortega Guitars","Germany","10.2","A031b","Musik-Meinl-Str.191468GutenstettenGermany","+4991617880","","info@ortegaguitars.com","www.ortegaguitars.com"
"Paymentwall, Inc.","United States of America","02.2","D023aC022a","2559thStreetSanFrancisco,CA94103UnitedStatesofAmerica","+14154200557","","bizdev@paymentwall.com","www.paymentwall.com"
"PearlAbyss Corp.","Korea, Republic of","03.2","B021aD022a","41-13,170thBurim-roAnyang-si,Gyeonggi-do,SouthKorea14055AnyangKorea,Republicof","+81314768533","+81314768584","contact@pearlabyss.com","pearlabyss.com"
"Otto (GmbH + Co KG)","Germany","10.2","D030","Werner-Otto-Str.1-722179HamburgGermany","+494064615748","+494064645748","g.wannrich-schuett@otto.de","ottto.jobs"
"Panini Verlags GmbH","Germany","05.2","C032","Rotebühlstr.8770178StuttgartGermany","+49711947680","+4971194768830","info@panini.de","www.paninicomics.de"
"Pebblekick.Co., Ltd.","Korea, Republic of","04.1","D026b","5F,44-1,Mabang-ro,Seocho-gu,06776SeoulKorea,Republicof","","","peter@pebblekickinc.co.kr","www.pebblekickinc.com"
"paysafecard.com Wertkarten GmbH","Austria","09.1","A040","AmEuroPlatz21120WienAustria","+4317208380","+431720838012","info@paysafecard.com","www.paysafecard.com"
"Philippine Board of Investments","Philippines","03.2","D019","385IndustryInvestmentsBldg.385SenGilPuyatAve.1200MakatiCityPhilippines","+6328968907","+6328953521","amcayas@boi.gov.ph","www.boi.gov.ph"
"Pillo Games (private)","Netherlands","03.2","D018a","Topaasring345629GDEINDHOVENNetherlands","+31630418025","","info@pillogames.com","www.pillogames.com"
"planetlan GmbH","Germany","02.1","A014","Lyrenstr.1344866BochumGermany","+492327831140","+4923278311499","office@planetlan.de","www.planetlan-gmbh.de"
"Puzzling Dream","Poland","04.1","B026a","Nocznickiego33/11101-918MazowszePoland","+48733240125","","konieczko.karol@gmail.com","www.playway.com"
"Payletter Inc.","Korea, Republic of","03.2","B021aD022a","181,Bangbae-ro,Seocho-gu06572SeoulKorea,Republicof","+82261913705","+82261913710","jhkim@payletter.com","www.payletter.com"
"play4","Germany","08.1","C028","Dr.-Mack-Str.8390762FürthGermany","+499112872100","+499112872200","info@computec.de","www.computec.de"
"PlusServer GmbH","Germany","02.1","B022","Welserstr.1451149KölnGermany","+49220310457441","+4922036125140","Beratung@plusserver.de","www.plusserver.com"
"PlayWay","Poland","04.1","B026a","Minska6903-828WarszawaPoland","+4862487048","+48227138077","kris@playway.com","www.playway.com"
"Polnisches Institut Düsseldorf","Germany","04.1","B026a","Citadellstr.740213DüsseldorfGermany","+492118669623","+492118669620","andrzej.kolinski@instytutpolski.org","www.polnisches-institut.de"
"Procolombia","Colombia","03.2","A009","Calle2813a15floor35110311BogotáColombia","+5705600100","+5705600104","frankfurt@procolombia.co","www.proexport.com.co"
"Generalkonsulat der Rep. Polen Abt. für Handel und Investitionen","Germany","04.1","B026","AnderAlteburgerMühle650968KölnGermany","+49221349911","+49221349910","info.koeln@trade.gov.pl","www.germany.trade.gov.pl"
"Play Finland (visibility name)/ Neogames Finland Association","Finland","03.2","A020","Eteläranta1000130HelsinkiFinland","+358405324176","","koopee@neogames.fi","www.neogames.fi"
"Fiction Island Distribution Miha Levart s.p.","Slovenia","05.2","A020aB023","PrecnaUl.8S2317OplotnicaSlovenia","+386041370167","","miha.levart@fiction-island.com","www.fiction-island.com"
"pwnwin GmbH","Austria","10.1","A032","TechnoparkStr.45310MondseeAustria","+436601987212","","i.potocnik@pwnwin.com","pwnwin.com"
"Plantronics","France","02.1","B012aA011a","ImmeubleAtriumRiveGauche19BldPaulVaillantCouturier94200IVRYSURSEINEFrance","+33685930713","+33685930713","gregory.morquin@plantronics.com","www.plantronics.com"
"Quantum Shake","Finland","03.2","A020a","Kansankatu46B3390100OuluFinland","+358456787123","","luai@quantumshake.com","quantumshake.com/fi"
"PIXELATED MILK sp. z o.o.","Poland","04.1","B026a","Gorczewska181/311J01-459WarsawPoland","+48501968989","","bartosz@pixmilk.com","www.regaliagame.com"
"QuattroGear Inc.","Korea, Republic of","03.2","B021aD022a","203,5-14,Nonhyun-ro85gilGangnam-gu,Seoul,Korea6237SeoulKorea,Republicof","+8225585167","","seokho.lee@quattrogear.com","www.quattrogear.com"
"Rarebyte OG","Austria","03.2","A010a","Pollheim29411St.MichaelAustria","+436506607798","","office@rarebyte.com","www.rarebyte.com"
"Quantumfrog GmbH","Germany","03.2","B009a","Marie-Curie-Str.126129OldenburgGermany","+4944159426163","+4944159425179","h.rump@quantumfrog.de","quantumfrog.de"
"Rusty Lake","Netherlands","03.2","D018a","Overhoeksplein21031KSAMSTERDAMNetherlands","","","info@rustylake.com","www.rustylake.com"
"Saturn Techno-Electro- Handelsges. mbH Betriebsstätte Maybachstraße","Germany","F3","F001","Maybachstr.11550670KölnGermany","+4922116160","+492211616307","gerhards@saturn.de","www.saturn.de"
"Sand Sailor Studio SRL","Romania","10.1","C030","Morilor,Mr.23,Ap9camera2Et.Sect.3031221BukarestRomania","+40723346467","","support@blackthefall.com","www.blackthefall.com"
"Scorpius Games","Romania","10.1","C030","TomisBucharestRomania","+40726302547","","bizdev@scorpiusstudios.com","www.scorpiusstudios.com"
"Seoul Digitech High School Advergamekorea","Korea, Republic of","04.1","E025b","SeoulDigitechHighSchool,27,Hoenamu-ro12-gil,Yongsan-gu04346SeoulKorea,Republicof","+827983641","+827940822","people49@sen.go.kr","www.sdh.hs.kr"
"Sammlerecke Comics & Romane","Germany","05.2","E032","Daimlerstr.873734EsslingenGermany","+497113154840","+4971131548420","info@sammlerecke.de","www.sammlerecke.de"
"Semeraro Valeriano","Italy","05.2","B053","CorsoSempione10020154MilanoItaly","+3903391857067","","info@robokun.it","www.robokun.it"
"Secret Item Games U.G. (haftungsbeschränkt)","Germany","10.1","A065","Himbeerenweg10d44532LünenGermany","+492306257290","","info@secret-item-games.com","www.secret-item-games.com"
"SAE Institute GmbH","Germany","05.1 / 06.1 / 08.1 / 10.2","A040 / C043 / C011a / E020 F021","Bayerwaldstr.1181737MünchenGermany","+498918908380","+4989189083820","germany@sae.edu","www.sae.edu"
"RWTH Aachen Visual Computing Institute","Germany","10.2","F022","Ahornstr.5552074AachenGermany","+492418021801","+492418022899","kontakt-i8@cs.rwth-aachen.de","www.graphics.rwth-aachen.de"
"Sandbox Interactive GmbH","Germany","10.2","D030","SchönhauserAllee3610435BerlinGermany","+493091206121","","info@sandbox-interactive.com",""
"Samsung Electronics GmbH","Germany","10.1","A070 B070","AmKronbergerHang665824SchwalbachGermany","+496196661528","+4916969340288","torsten.vaeth@samsung.de","www.samsung.de"
"SevenGames Network GmbH","Germany","02.2","D029","Rungestr.22-24AufgangF/5.OG10179BerlinGermany","+4930340600645","+4930340600699","fbertz@aeriagames.com","www.browsergames.de"
"Sole Proprietorship / Cmoar Studio Sebastian Boczek","Poland","04.1","B026a","ZwirkiiWigury31B/1743-190MikolowPoland","+48797199323","","sboczek@cmoarstudio.com","www.thekarters.com"
"Soaphog Ltd.","Latvia","10.1","A010","Maskavas28BLV4604RezekneLatvia","+370126336248","","contactus@soaphog.com","www.soaphog.com"
"Storm in a Teacup","Italy","03.2","A025a","ViaCanton7000144Roma(RM)Italy","+390652206009","","info@stcware.com",""
"Takeoff (UK) Ltd.","United Kingdom","","","ShacklewellStreet31-33LondonE27EGUnitedKingdom","+442034165131","","acollins@takeoff.uk.com","www.takeoffstudio.co.uk"
"SLEEPLESS CLINIC Sp. z o.o.","Poland","04.1","B026a","Wzgórze543-300Bielsko-BialaPoland","+48512444802","","darek@leczycki.com","www.SLEEPLESSCLINIC.com"
"Sweden Game Arena","Sweden","04.1","C025","Kaplansgatan16B54123SkövdeP.O.Box13354123SkövdeSweden","+46709644654","","magnus.ling@gsp.se","www.swedengamearena.com"
"Synthesis Deutschland GmbH","Germany","03.2","A015aB014a","Holstenkamp46a22525HamburgGermany","+494089726590","","germany@synthesis.co","www.synthesis.co"
"Studio DOMA","Korea, Republic of","03.2","B021aD022a","9-8,Nambusunhwan-ro297ga-gil,Seocho-gu06702SeoulKorea,Republicof","+8225952781","+8225992781","contact@studiodoma.com","www.studiodoma.com"
"Studio Evil S.R.L.","Italy","10.1","D013","ViaBarontini20/a40138Bologna(BO)Italy","+39051531958","","team@studioevil.com","studioevil.com"
"Ströer Media Brands AG","Germany","02.2","B022aC023a","Torstr.4910119BerlinGermany","+4930590011318","+4930590011399","info@StroeerMediaBrands.de","www.StroeerMediaBrands.de"
"Tag Games Limited","United Kingdom","03.2","C015aD014a","2ndFloorWestWing,SeabraesHouseDundeeDD14QBUnitedKingdom","+441382220925","+441382000046","nina.cliff@tag-games.com","www.tag-games.com"
"Tagstar Limited","United Kingdom","05.2","E040","NunthorpeCrescent50YorkYO231DUUnitedKingdom","+447977013395","","mail@tagstar.eu","www.tagstar.eu"
"Struckd AG","Switzerland","04.1","E021aD022a","Dorfstrasse278037ZürichSwitzerland","+41788615590","","get@struckd.com","www.struckd.com"
"NBC Universal Global Networks Deutschland GmbH","Germany","10.1","A061","Theresienstr.47a80333MünchenGermany","+4989381990","+498938199513","kontakt@syfy.de","www.syfy.de"
"Target Media","United Kingdom","03.2","C015aD014a","45-51WhitfieldStreetLondonBR34JLUnitedKingdom","+442033720900","","mary.bond@target-media.co.uk","www.target-media.co.uk"
"Thing Trunk Sp. z o.o. Sp. K.","Poland","04.1","B026a","ul.KomisjiEdukacjiNarodowej36112B02-797WarszawaPoland","+48501552078","","info@thingtrunk.com","thingtrunk.com"
"Team Niche","Switzerland","04.1","E021aD022a","Roswiesenstr.1038051Switzerland","+411788826354","","info@NICHE-game.com","NICHE-game.com"
"TeamSpeak Systems GmbH","Germany","03.2 / 10.1","B010aA011a / B030","Soiernstr.182494KrünGermany","+4988259202000","+49882592020099","www.teamspeak.com",
"Texlab GmbH NERD.DE","Germany","05.2","E051","GroßeBahnstr.3322525HamburgGermany","+494038667117","+494023548548","moeller@texlab.net","www.nerd.de"
"Tee Tee S.R.L.","Italy","05.2","E063","ViaTaro,143043BorgoValdiTaroItaly","+3903405954221","","service@teetee.eu","www.teetee.eu"
"Tikocosplay Christoph Bals","Germany","05.2 / 05.2","D070 / E030","Blümgesgrundstr.4463571GelnhausenGermany","+496051828198","+496051979767","info@tikocosplay.de","www.tikocosplay.de"
"Team KwaKwa Farhan & Co","Switzerland","04.1","E021aD022a","Rte.dePraz-Veguey161022Chavannes-pres-RenensVaudSwitzerland","+41765229842","","team@team-kwakwa.com","team-kwakwa.com"
"Taylor Wessing Partnerschaftsgesellschaft mbB","Germany","03.2","A015aB014a","AmSandtorkai4120457HamburgGermany","+4940368030","","t.schelinski@taylorwessing.com","www.taylorwessing.com"
"Timecity","Netherlands","02.2","D039","DeImmenhorst57041KE'S-HEERENBERGNetherlands","+31314663054","","info@timecity.nl","www.timecity.eu"
"Deutsche Telekom AG Hochschule für Telekommunikation Leipzig / Telekom Ausbildung","Germany","10.2","D030","Friedrich-Ebert-Allee14053113BonnGermany","+4961515833589","","marco.baldauf@telekom.de",""
"Techland Sp z o.o.","Poland","02.2 / 10.1 / 10.1","D020 / B073 C073 / C050","Zolkiewskiego363-400OstrówWielkopolskiPoland","+48713545510","","pr@techland.pl","www.techland.pl"
"Texyon Games S.L.","Spain","03.2","B020a","CalleRafaelAlberti6,446970ValenciaSpain","+349961416220","","info@texyon.com","www.texyon.com"
"The Major Game Company","Finland","03.2","A020a","Järvensivuntie6533100TampereFinland","+358400186964","","leevi@themajorgamecompany.com","www.themajorgamecompany.com"
"Tivola Publishing GmbH","Germany","02.1","C024a","Oeverseestr.10-1222769HamburgGermany","+494070700642","","mail@tivola.de","www.tivola.com"
"THX Games Tartalomfejlesztö Zrt.","Hungary","02.1","D016","Darocziut.541113BudapestHungary","+36306476916","","anett.szentgyorgyi@thx4games.com","www.thx4games.com"
"Tobii Technology AB","Sweden","02.2","B034","Karlsrovägen2d18253DanderydSweden","+46733218145","+468301400","lauren.hayes@tobii.com","www.tobii.com"
"UBISOFT GmbH","Germany","04.2 / 06.1 / 06.1 / 06.1 / 06.1 / 06.1 / 10.2","C051 / B020 A021 / B021 C020 / C021 / C030 B031 / C031 / A050","Adlerstr.7440211DüsseldorfGermany","+49211338000","+4921133800152","info@ubisoft.de","www.ubisoft.com"
"Tritone","Korea, Republic of","03.2","B021aD022a","SINILBldg13thfloor,425Teheran-ro,Gangnam-gu06159SeoulKorea,Republicof","+821077101170","","daniel@tritonesoft.com","www.tritonegames.com"
"U1 GAME","China","03.2","C024aB023a","ZhongguancunStreetHaidianDistrict9F,TowerB,HaidianCulture&ArtBuilding100086Beijing,BeijingChina","+861082533721","+8610825337212222","zhangting@iccgame.com",""
"Umbra Experiencia Interactiva","Colombia","03.2","A009a","Cra18B116-16of21011001000BogotáColombia","+57012139089","","carlos@experienciaumbra.com","www.experienciaumbra.com"
"Twitter Germany GmbH","Germany","10.1","A041","Torstr.13810119BerlinGermany","","","michaelu@twitter.com","www.twitter.com"
"TOGED (Game Developers Association of Turkey)","Turkey","03.2 / 03.2 / 03.2 / 03.2 / 03.2","C013a / D010 C011 / D011 / D012 C013 / D013","ODTUOstimTeknokent,1308StreetNo:6/1106374AnkaraTurkey","+905305545775","","info@toged.org","www.toged.org/en"
"UNAmedia di Benegiamo Daniele","Italy","03.2","A025a","ViaA.Repetto,6/22A16143GenovaItaly","+393404793725","","info@unamedia.com","www.unamedia.com"
"VOLERFILM","Korea, Republic of","04.1","D026c","14-21,Yeouido-dongYeongdeungpo-gu7237SeoulKorea,Republicof","+82234442052","+828264014190","dirkang@volerfilm.com","www.volerfilm.com/"
"Virtuos LTD","China","02.1","D044","YananWestRoad1326200052ShanghaiChina","+862152583300","+862164642322","Laurent@virtous.com.cn","www.virtuosgames.com"
"Universität Koblenz-Landau Instititut für Computervisualistik","Germany","10.2","E025","Universitätsstr.156070KoblenzGermany","+492612872733","+492612872735","keul@uni-koblenz.de","www.uni-koblenz.de/icv"
"Epic Games, Inc. - Unreal Engine","United States of America","02.2","C022b","ChurchStreetSW305Cary,NC27518UnitedStatesofAmerica","+14153772253","+19198540055","ellen@epicgames.com","www.unrealengine.com"
"UnityAds","Finland","02.1","A031","Kaivokatu8B,7thfloor00100HelsinkiFinland","+358405253423","","pengfei@unity3d.com","www.unity3d.com"
"VUD GmbH","Germany","02.1","B012aA011a","Humboldtstr.885609AschheimGermany","+49899309050","+498993090530","kontakt@vud.de","www.vud.de"
"Upload Media Ltd (T/A Upload Agency)","United Kingdom","03.2","C015aD014a","27OldGloucesterStreetLondonWC1N3AXUnitedKingdom","+447341332538","","stuart@uploadagency.com","uploadagency.com"
"Wacom Europe GmbH","Germany","05.1","D013","EuroparkFichtenhainA947807KrefeldGermany","+49215136140","+4921513614111","info@wacom.eu","www.wacom.com"
"Wargaming Europe S.A.S","France","02.2 / 08.1 / 08.1","C020 D021 / B030 A031 / B040 A041","coursdel'ileSeguin3092100Boulogne-BillancourtFrance","+33141222726","","contact-eu@wargaming.eu","www.wargaming.net"
"Vungle, Inc.","United States of America","02.1","D015a","ClaraSt.185SanFrancisco,CA94107UnitedStatesofAmerica","+19162811418","","jessica.martinez@vungle.com","www.vungle.com"
"Vision Games Publishing LTD","United Kingdom","03.2","C015aD014a","46JamaicaStreetLiverpoolL10AFUnitedKingdom","+441517086569","","nparker@standfastinteractive.com","www.standfastinteractive.com"
"USK-Unterhaltungssoftwareselbstkontrolle","Germany","10.2","D010","Torstr.610119BerlinGermany","+493024088660","+4930240886629","kontakt@usk.de","www.usk.de"
"Alawar Entertainment","United States of America","10.1","D012","N.PittSt.Suite325901Alexandria,VA22314UnitedStatesofAmerica","+709139049433","","ilya@alawar.com","www.alawar.com"
"Videogiochi Per Passione di Giuseppe Zarrella","Italy","05.2 / 05.2","A025 / B043","ViaLeonardoDaVinci1920060Basiano(MI)Italy","+390295760651","+390295760651","info@videogiochiperpassione.com","www.videogiochiperpassione.com"
"Warner Bros. Entertainment Inc","United Kingdom","04.2 / 09.1","B040 C041 / A021 B020","200GraysInnRoadLondonWC1X9XZUnitedKingdom","+442079846705","+442079846701","laura.griffin@warnerbros.com","www.warnerbros.com"
"Weigh and Value","Korea, Republic of","03.2","B021aD022a","103-208,Samyang-ro149gil45Gangbuk-Gu01006SeoulKorea,Republicof","+827046423194","","bizdev@weighnvalue.com","www.weighnvalue.com"
"Webzen Inc.","Korea, Republic of","03.2","B021aD022a","242Pangyo-ro,Bundang-gu463-400Seongnam-Si,Gyeoniggi-doKorea,Republicof","+8215663003","+82316276700","global_marketing@webzen.com","www.webzen.com"
"Webedia Gaming GmbH","Germany","05.1","A051","Ridlerstr.5580339MünchenGermany","+498936086701","+49893608699701","philipp.senkbeil@webedia-group.com","www.webedia-group.de"
"WeGo Interactive Co.,Ltd.","Korea, Republic of","03.2","B021aD022a","501,AcetechnoTowerV20,Digital-ro-31-gil,Guro-gu08380SeoulKorea,Republicof","+827071162550","+8227042565","director@wegoi.com","www.wegoi.com"
"Wirtschaftskammer Österreich","Austria","03.2","A010","WiednerHauptstr.631045WienAustria","+435909003500","+43590900113500","marion.tschernutter@wko.at","www.advantageaustria.org"
"Wirecard Technologies GmbH","Germany","02.2","C033","Einsteinring3585609AschheimGermany","+498944241400","+498944241500","gamescom@wirecard.com","www.wirecard.com"
"Woobi (registered ""Social Tokens Ltd.)","Israel","02.2","C040","9EhadHa'amStreet64951TelAvivIsrael","+9722525986660","","naama.m@woobi.com","www.woobi.com"
"Warning Up","France","03.2","C017i","RuedeLille8675007ParisFrance","+33153858800","","contact@warningup.com","www.warningcom.com"
"Wingracers Sports Games GmbH & CO. Erste Productions KG","Germany","02.2 / 08.1 / 08.1","B022aC023a / B011a / C010 B011","Akilindastr.4282166GräfelfingGermany","+4991137669423","","michael.wamser@wingracers.de","www.wingracers.de"
"wolff interactive GmbH","Germany","03.2","B009a","Lavesstr.330159HannoverGermany","+4951127900930","+4951127900931","wolff@wolff-interactive.de","www.wolff-interactive.de"
"Web Media Publishing AG","Germany","02.2","B022aC023a","BaierbrunnerStr.381379MünchenGermany","+498955275025","+498955275026","vh@wmpag.de","www.wmpag"
"Winning Moves Deutschland GmbH","Germany","05.2 / 05.2","A027 / B041","Münsterstr.35940470DüsseldorfGermany","+4921155027521","+4921155027522","fiebig@winningmoves.de","www.winningmoves.de"
"WEEDOO Goodies","France","05.2","B071","19passagedelatournelle77410AnnetsurMarneFrance","+33620511427","","info@weedoogoodies.com","www.weedoogoodies.com"
"Xsolla Inc.","United States of America","02.2","D030a","15260VenturaBlvd,Suite2230ShermanOaks,CA91403UnitedStatesofAmerica","+18184356613","+18183377309","bizdev@xsolla.com","www.xsolla.com"
"BenQ Deutschland GmbH (vertreten mit ZOWIE a brand of Ben","Germany","09.1","B051a","EssenerStr.546047OberhausenGermany","+49208409420","+492084094299","kontakt@benq.de","zowie.benq.com"
"ZPLAY(Beijing) Information Technologies Co.,Ltd.","China","","","YingduBuilding,ZhichunRoadHaidianDistrict100089Beijing,BeijingChina","+861058734568","+861058732186","contact@zplay.com","www.zplay.com"
"Google Inc. / YouTube, LLC","United States of America","10.1","E051 F051","CherryAve901SanBruno,CA94066UnitedStatesofAmerica","+16502533411","","bgauld@google.com",""
"Zepetto Co.","Korea, Republic of","03.2","B021aD022a","11F,78,Mapo-daero,Mapo-gu4168SeoulKorea,Republicof","+82234445474","+82232735474","biz@zepetto.com","www.zepetto.com"
"Zetapp SpA","Chile","03.2","B007a","BarrioUniversitarios/nIncubaudec4030000Concepción,Bío-BíoChile","+56412310586","","sebastian@misterglitch.net","www.misterglitch.net"
"Zurich University of the Arts Departement Design Specialization in Game Design","Switzerland","04.1","E021aD022a","ToniArealPfingstweidstrasse968057ZürichSwitzerland","+41774629454","","maike.thies@zhdk.ch","gamedesign.zhdk.ch"